source name	characteristics[organism]	characteristics[organism part]	characteristics[age]	characteristics[developmental stage]	characteristics[sex]	characteristics[ancestry category]	characteristics[cell type]	characteristics[cell line]	characteristics[disease]	characteristics[individual]	characteristics[biological replicate]	material type	assay name	technology type	comment[data file]	comment[file uri]	comment[proteomics data acquisition method]	comment[fractionation method]	comment[fraction identifier]	comment[label]	comment[technical replicate]	comment[cleavage agent details]	comment[cleavage agent details]	comment[ms2 mass analyzer]	comment[instrument]	comment[modification parameters]	comment[dissociation method]	comment[collision energy]	comment[precursor mass tolerance]	comment[fragment mass tolerance]
scapis_DIA	Homo sapiens	plasma	not available	not available	not available	not available	not available	not applicable	heart failure	not applicable	1	plasma	run 1	proteomic profiling by mass spectrometry	20250313_Scapis_P4_A1.raw	20250313_Scapis_P4_A1.raw	NT=Data-Independent Acquisition;AC=NCIT:C161786	NT=High-performance liquid chromatography;AC=PRIDE:0000565	1	AC=MS:1002038;NT=label free sample	1	NT=Trypsin;AC=MS:1001251	NT=Lys-C;AC=MS:1001309	not available	NT=Q Exactive HF;AC=MS:1002523	not available	AC=MS:1000422;NT=HCD	27 NCE	not available	not available
scapis_DIA	Homo sapiens	plasma	not available	not available	not available	not available	not available	not applicable	heart failure	not applicable	1	plasma	run 2	proteomic profiling by mass spectrometry	20250313_Scapis_P4_A10.raw	20250313_Scapis_P4_A10.raw	NT=Data-Independent Acquisition;AC=NCIT:C161786	NT=High-performance liquid chromatography;AC=PRIDE:0000565	1	AC=MS:1002038;NT=label free sample	1	NT=Trypsin;AC=MS:1001251	NT=Lys-C;AC=MS:1001309	not available	NT=Q Exactive HF;AC=MS:1002523	not available	AC=MS:1000422;NT=HCD	27 NCE	not available	not available
scapis_DIA	Homo sapiens	plasma	not available	not available	not available	not available	not available	not applicable	heart failure	not applicable	1	plasma	run 3	proteomic profiling by mass spectrometry	20250313_Scapis_P4_A11.raw	20250313_Scapis_P4_A11.raw	NT=Data-Independent Acquisition;AC=NCIT:C161786	NT=High-performance liquid chromatography;AC=PRIDE:0000565	1	AC=MS:1002038;NT=label free sample	1	NT=Trypsin;AC=MS:1001251	NT=Lys-C;AC=MS:1001309	not available	NT=Q Exactive HF;AC=MS:1002523	not available	AC=MS:1000422;NT=HCD	27 NCE	not available	not available
scapis_DIA	Homo sapiens	plasma	not available	not available	not available	not available	not available	not applicable	heart failure	not applicable	1	plasma	run 4	proteomic profiling by mass spectrometry	20250313_Scapis_P4_A12.raw	20250313_Scapis_P4_A12.raw	NT=Data-Independent Acquisition;AC=NCIT:C161786	NT=High-performance liquid chromatography;AC=PRIDE:0000565	1	AC=MS:1002038;NT=label free sample	1	NT=Trypsin;AC=MS:1001251	NT=Lys-C;AC=MS:1001309	not available	NT=Q Exactive HF;AC=MS:1002523	not available	AC=MS:1000422;NT=HCD	27 NCE	not available	not available
scapis_DIA	Homo sapiens	plasma	not available	not available	not available	not available	not available	not applicable	heart failure	not applicable	1	plasma	run 5	proteomic profiling by mass spectrometry	20250313_Scapis_P4_A2.raw	20250313_Scapis_P4_A2.raw	NT=Data-Independent Acquisition;AC=NCIT:C161786	NT=High-performance liquid chromatography;AC=PRIDE:0000565	1	AC=MS:1002038;NT=label free sample	1	NT=Trypsin;AC=MS:1001251	NT=Lys-C;AC=MS:1001309	not available	NT=Q Exactive HF;AC=MS:1002523	not available	AC=MS:1000422;NT=HCD	27 NCE	not available	not available
scapis_DIA	Homo sapiens	plasma	not available	not available	not available	not available	not available	not applicable	heart failure	not applicable	1	plasma	run 6	proteomic profiling by mass spectrometry	20250313_Scapis_P4_A3.raw	20250313_Scapis_P4_A3.raw	NT=Data-Independent Acquisition;AC=NCIT:C161786	NT=High-performance liquid chromatography;AC=PRIDE:0000565	1	AC=MS:1002038;NT=label free sample	1	NT=Trypsin;AC=MS:1001251	NT=Lys-C;AC=MS:1001309	not available	NT=Q Exactive HF;AC=MS:1002523	not available	AC=MS:1000422;NT=HCD	27 NCE	not available	not available
scapis_DIA	Homo sapiens	plasma	not available	not available	not available	not available	not available	not applicable	heart failure	not applicable	1	plasma	run 7	proteomic profiling by mass spectrometry	20250313_Scapis_P4_A4.raw	20250313_Scapis_P4_A4.raw	NT=Data-Independent Acquisition;AC=NCIT:C161786	NT=High-performance liquid chromatography;AC=PRIDE:0000565	1	AC=MS:1002038;NT=label free sample	1	NT=Trypsin;AC=MS:1001251	NT=Lys-C;AC=MS:1001309	not available	NT=Q Exactive HF;AC=MS:1002523	not available	AC=MS:1000422;NT=HCD	27 NCE	not available	not available
scapis_DIA	Homo sapiens	plasma	not available	not available	not available	not available	not available	not applicable	heart failure	not applicable	1	plasma	run 8	proteomic profiling by mass spectrometry	20250313_Scapis_P4_A5.raw	20250313_Scapis_P4_A5.raw	NT=Data-Independent Acquisition;AC=NCIT:C161786	NT=High-performance liquid chromatography;AC=PRIDE:0000565	1	AC=MS:1002038;NT=label free sample	1	NT=Trypsin;AC=MS:1001251	NT=Lys-C;AC=MS:1001309	not available	NT=Q Exactive HF;AC=MS:1002523	not available	AC=MS:1000422;NT=HCD	27 NCE	not available	not available
scapis_DIA	Homo sapiens	plasma	not available	not available	not available	not available	not available	not applicable	heart failure	not applicable	1	plasma	run 9	proteomic profiling by mass spectrometry	20250313_Scapis_P4_A6.raw	20250313_Scapis_P4_A6.raw	NT=Data-Independent Acquisition;AC=NCIT:C161786	NT=High-performance liquid chromatography;AC=PRIDE:0000565	1	AC=MS:1002038;NT=label free sample	1	NT=Trypsin;AC=MS:1001251	NT=Lys-C;AC=MS:1001309	not available	NT=Q Exactive HF;AC=MS:1002523	not available	AC=MS:1000422;NT=HCD	27 NCE	not available	not available
scapis_DIA	Homo sapiens	plasma	not available	not available	not available	not available	not available	not applicable	heart failure	not applicable	1	plasma	run 10	proteomic profiling by mass spectrometry	20250313_Scapis_P4_A7.raw	20250313_Scapis_P4_A7.raw	NT=Data-Independent Acquisition;AC=NCIT:C161786	NT=High-performance liquid chromatography;AC=PRIDE:0000565	1	AC=MS:1002038;NT=label free sample	1	NT=Trypsin;AC=MS:1001251	NT=Lys-C;AC=MS:1001309	not available	NT=Q Exactive HF;AC=MS:1002523	not available	AC=MS:1000422;NT=HCD	27 NCE	not available	not available
scapis_DIA	Homo sapiens	plasma	not available	not available	not available	not available	not available	not applicable	heart failure	not applicable	1	plasma	run 11	proteomic profiling by mass spectrometry	20250313_Scapis_P4_A8.raw	20250313_Scapis_P4_A8.raw	NT=Data-Independent Acquisition;AC=NCIT:C161786	NT=High-performance liquid chromatography;AC=PRIDE:0000565	1	AC=MS:1002038;NT=label free sample	1	NT=Trypsin;AC=MS:1001251	NT=Lys-C;AC=MS:1001309	not available	NT=Q Exactive HF;AC=MS:1002523	not available	AC=MS:1000422;NT=HCD	27 NCE	not available	not available
scapis_DIA	Homo sapiens	plasma	not available	not available	not available	not available	not available	not applicable	heart failure	not applicable	1	plasma	run 12	proteomic profiling by mass spectrometry	20250313_Scapis_P4_A9.raw	20250313_Scapis_P4_A9.raw	NT=Data-Independent Acquisition;AC=NCIT:C161786	NT=High-performance liquid chromatography;AC=PRIDE:0000565	1	AC=MS:1002038;NT=label free sample	1	NT=Trypsin;AC=MS:1001251	NT=Lys-C;AC=MS:1001309	not available	NT=Q Exactive HF;AC=MS:1002523	not available	AC=MS:1000422;NT=HCD	27 NCE	not available	not available
scapis_DIA	Homo sapiens	plasma	not available	not available	not available	not available	not available	not applicable	heart failure	not applicable	1	plasma	run 13	proteomic profiling by mass spectrometry	20250313_Scapis_P4_B1.raw	20250313_Scapis_P4_B1.raw	NT=Data-Independent Acquisition;AC=NCIT:C161786	NT=High-performance liquid chromatography;AC=PRIDE:0000565	1	AC=MS:1002038;NT=label free sample	1	NT=Trypsin;AC=MS:1001251	NT=Lys-C;AC=MS:1001309	not available	NT=Q Exactive HF;AC=MS:1002523	not available	AC=MS:1000422;NT=HCD	27 NCE	not available	not available
scapis_DIA	Homo sapiens	plasma	not available	not available	not available	not available	not available	not applicable	heart failure	not applicable	1	plasma	run 14	proteomic profiling by mass spectrometry	20250313_Scapis_P4_B10.raw	20250313_Scapis_P4_B10.raw	NT=Data-Independent Acquisition;AC=NCIT:C161786	NT=High-performance liquid chromatography;AC=PRIDE:0000565	1	AC=MS:1002038;NT=label free sample	1	NT=Trypsin;AC=MS:1001251	NT=Lys-C;AC=MS:1001309	not available	NT=Q Exactive HF;AC=MS:1002523	not available	AC=MS:1000422;NT=HCD	27 NCE	not available	not available
scapis_DIA	Homo sapiens	plasma	not available	not available	not available	not available	not available	not applicable	heart failure	not applicable	1	plasma	run 15	proteomic profiling by mass spectrometry	20250313_Scapis_P4_B11.raw	20250313_Scapis_P4_B11.raw	NT=Data-Independent Acquisition;AC=NCIT:C161786	NT=High-performance liquid chromatography;AC=PRIDE:0000565	1	AC=MS:1002038;NT=label free sample	1	NT=Trypsin;AC=MS:1001251	NT=Lys-C;AC=MS:1001309	not available	NT=Q Exactive HF;AC=MS:1002523	not available	AC=MS:1000422;NT=HCD	27 NCE	not available	not available
scapis_DIA	Homo sapiens	plasma	not available	not available	not available	not available	not available	not applicable	heart failure	not applicable	1	plasma	run 16	proteomic profiling by mass spectrometry	20250313_Scapis_P4_B12.raw	20250313_Scapis_P4_B12.raw	NT=Data-Independent Acquisition;AC=NCIT:C161786	NT=High-performance liquid chromatography;AC=PRIDE:0000565	1	AC=MS:1002038;NT=label free sample	1	NT=Trypsin;AC=MS:1001251	NT=Lys-C;AC=MS:1001309	not available	NT=Q Exactive HF;AC=MS:1002523	not available	AC=MS:1000422;NT=HCD	27 NCE	not available	not available
scapis_DIA	Homo sapiens	plasma	not available	not available	not available	not available	not available	not applicable	heart failure	not applicable	1	plasma	run 17	proteomic profiling by mass spectrometry	20250313_Scapis_P4_B2.raw	20250313_Scapis_P4_B2.raw	NT=Data-Independent Acquisition;AC=NCIT:C161786	NT=High-performance liquid chromatography;AC=PRIDE:0000565	1	AC=MS:1002038;NT=label free sample	1	NT=Trypsin;AC=MS:1001251	NT=Lys-C;AC=MS:1001309	not available	NT=Q Exactive HF;AC=MS:1002523	not available	AC=MS:1000422;NT=HCD	27 NCE	not available	not available
scapis_DIA	Homo sapiens	plasma	not available	not available	not available	not available	not available	not applicable	heart failure	not applicable	1	plasma	run 18	proteomic profiling by mass spectrometry	20250313_Scapis_P4_B3.raw	20250313_Scapis_P4_B3.raw	NT=Data-Independent Acquisition;AC=NCIT:C161786	NT=High-performance liquid chromatography;AC=PRIDE:0000565	1	AC=MS:1002038;NT=label free sample	1	NT=Trypsin;AC=MS:1001251	NT=Lys-C;AC=MS:1001309	not available	NT=Q Exactive HF;AC=MS:1002523	not available	AC=MS:1000422;NT=HCD	27 NCE	not available	not available
scapis_DIA	Homo sapiens	plasma	not available	not available	not available	not available	not available	not applicable	heart failure	not applicable	1	plasma	run 19	proteomic profiling by mass spectrometry	20250313_Scapis_P4_B4.raw	20250313_Scapis_P4_B4.raw	NT=Data-Independent Acquisition;AC=NCIT:C161786	NT=High-performance liquid chromatography;AC=PRIDE:0000565	1	AC=MS:1002038;NT=label free sample	1	NT=Trypsin;AC=MS:1001251	NT=Lys-C;AC=MS:1001309	not available	NT=Q Exactive HF;AC=MS:1002523	not available	AC=MS:1000422;NT=HCD	27 NCE	not available	not available
scapis_DIA	Homo sapiens	plasma	not available	not available	not available	not available	not available	not applicable	heart failure	not applicable	1	plasma	run 20	proteomic profiling by mass spectrometry	20250313_Scapis_P4_B5.raw	20250313_Scapis_P4_B5.raw	NT=Data-Independent Acquisition;AC=NCIT:C161786	NT=High-performance liquid chromatography;AC=PRIDE:0000565	1	AC=MS:1002038;NT=label free sample	1	NT=Trypsin;AC=MS:1001251	NT=Lys-C;AC=MS:1001309	not available	NT=Q Exactive HF;AC=MS:1002523	not available	AC=MS:1000422;NT=HCD	27 NCE	not available	not available
scapis_DIA	Homo sapiens	plasma	not available	not available	not available	not available	not available	not applicable	heart failure	not applicable	1	plasma	run 21	proteomic profiling by mass spectrometry	20250313_Scapis_P4_B6.raw	20250313_Scapis_P4_B6.raw	NT=Data-Independent Acquisition;AC=NCIT:C161786	NT=High-performance liquid chromatography;AC=PRIDE:0000565	1	AC=MS:1002038;NT=label free sample	1	NT=Trypsin;AC=MS:1001251	NT=Lys-C;AC=MS:1001309	not available	NT=Q Exactive HF;AC=MS:1002523	not available	AC=MS:1000422;NT=HCD	27 NCE	not available	not available
scapis_DIA	Homo sapiens	plasma	not available	not available	not available	not available	not available	not applicable	heart failure	not applicable	1	plasma	run 22	proteomic profiling by mass spectrometry	20250313_Scapis_P4_B7.raw	20250313_Scapis_P4_B7.raw	NT=Data-Independent Acquisition;AC=NCIT:C161786	NT=High-performance liquid chromatography;AC=PRIDE:0000565	1	AC=MS:1002038;NT=label free sample	1	NT=Trypsin;AC=MS:1001251	NT=Lys-C;AC=MS:1001309	not available	NT=Q Exactive HF;AC=MS:1002523	not available	AC=MS:1000422;NT=HCD	27 NCE	not available	not available
scapis_DIA	Homo sapiens	plasma	not available	not available	not available	not available	not available	not applicable	heart failure	not applicable	1	plasma	run 23	proteomic profiling by mass spectrometry	20250313_Scapis_P4_B8.raw	20250313_Scapis_P4_B8.raw	NT=Data-Independent Acquisition;AC=NCIT:C161786	NT=High-performance liquid chromatography;AC=PRIDE:0000565	1	AC=MS:1002038;NT=label free sample	1	NT=Trypsin;AC=MS:1001251	NT=Lys-C;AC=MS:1001309	not available	NT=Q Exactive HF;AC=MS:1002523	not available	AC=MS:1000422;NT=HCD	27 NCE	not available	not available
scapis_DIA	Homo sapiens	plasma	not available	not available	not available	not available	not available	not applicable	heart failure	not applicable	1	plasma	run 24	proteomic profiling by mass spectrometry	20250313_Scapis_P4_B9.raw	20250313_Scapis_P4_B9.raw	NT=Data-Independent Acquisition;AC=NCIT:C161786	NT=High-performance liquid chromatography;AC=PRIDE:0000565	1	AC=MS:1002038;NT=label free sample	1	NT=Trypsin;AC=MS:1001251	NT=Lys-C;AC=MS:1001309	not available	NT=Q Exactive HF;AC=MS:1002523	not available	AC=MS:1000422;NT=HCD	27 NCE	not available	not available
scapis_DIA	Homo sapiens	plasma	not available	not available	not available	not available	not available	not applicable	heart failure	not applicable	1	plasma	run 25	proteomic profiling by mass spectrometry	20250313_Scapis_P4_C1.raw	20250313_Scapis_P4_C1.raw	NT=Data-Independent Acquisition;AC=NCIT:C161786	NT=High-performance liquid chromatography;AC=PRIDE:0000565	1	AC=MS:1002038;NT=label free sample	1	NT=Trypsin;AC=MS:1001251	NT=Lys-C;AC=MS:1001309	not available	NT=Q Exactive HF;AC=MS:1002523	not available	AC=MS:1000422;NT=HCD	27 NCE	not available	not available
scapis_DIA	Homo sapiens	plasma	not available	not available	not available	not available	not available	not applicable	heart failure	not applicable	1	plasma	run 26	proteomic profiling by mass spectrometry	20250313_Scapis_P4_C10.raw	20250313_Scapis_P4_C10.raw	NT=Data-Independent Acquisition;AC=NCIT:C161786	NT=High-performance liquid chromatography;AC=PRIDE:0000565	1	AC=MS:1002038;NT=label free sample	1	NT=Trypsin;AC=MS:1001251	NT=Lys-C;AC=MS:1001309	not available	NT=Q Exactive HF;AC=MS:1002523	not available	AC=MS:1000422;NT=HCD	27 NCE	not available	not available
scapis_DIA	Homo sapiens	plasma	not available	not available	not available	not available	not available	not applicable	heart failure	not applicable	1	plasma	run 27	proteomic profiling by mass spectrometry	20250313_Scapis_P4_C11.raw	20250313_Scapis_P4_C11.raw	NT=Data-Independent Acquisition;AC=NCIT:C161786	NT=High-performance liquid chromatography;AC=PRIDE:0000565	1	AC=MS:1002038;NT=label free sample	1	NT=Trypsin;AC=MS:1001251	NT=Lys-C;AC=MS:1001309	not available	NT=Q Exactive HF;AC=MS:1002523	not available	AC=MS:1000422;NT=HCD	27 NCE	not available	not available
scapis_DIA	Homo sapiens	plasma	not available	not available	not available	not available	not available	not applicable	heart failure	not applicable	1	plasma	run 28	proteomic profiling by mass spectrometry	20250313_Scapis_P4_C12.raw	20250313_Scapis_P4_C12.raw	NT=Data-Independent Acquisition;AC=NCIT:C161786	NT=High-performance liquid chromatography;AC=PRIDE:0000565	1	AC=MS:1002038;NT=label free sample	1	NT=Trypsin;AC=MS:1001251	NT=Lys-C;AC=MS:1001309	not available	NT=Q Exactive HF;AC=MS:1002523	not available	AC=MS:1000422;NT=HCD	27 NCE	not available	not available
scapis_DIA	Homo sapiens	plasma	not available	not available	not available	not available	not available	not applicable	heart failure	not applicable	1	plasma	run 29	proteomic profiling by mass spectrometry	20250313_Scapis_P4_C2.raw	20250313_Scapis_P4_C2.raw	NT=Data-Independent Acquisition;AC=NCIT:C161786	NT=High-performance liquid chromatography;AC=PRIDE:0000565	1	AC=MS:1002038;NT=label free sample	1	NT=Trypsin;AC=MS:1001251	NT=Lys-C;AC=MS:1001309	not available	NT=Q Exactive HF;AC=MS:1002523	not available	AC=MS:1000422;NT=HCD	27 NCE	not available	not available
scapis_DIA	Homo sapiens	plasma	not available	not available	not available	not available	not available	not applicable	heart failure	not applicable	1	plasma	run 30	proteomic profiling by mass spectrometry	20250313_Scapis_P4_C3.raw	20250313_Scapis_P4_C3.raw	NT=Data-Independent Acquisition;AC=NCIT:C161786	NT=High-performance liquid chromatography;AC=PRIDE:0000565	1	AC=MS:1002038;NT=label free sample	1	NT=Trypsin;AC=MS:1001251	NT=Lys-C;AC=MS:1001309	not available	NT=Q Exactive HF;AC=MS:1002523	not available	AC=MS:1000422;NT=HCD	27 NCE	not available	not available
scapis_DIA	Homo sapiens	plasma	not available	not available	not available	not available	not available	not applicable	heart failure	not applicable	1	plasma	run 31	proteomic profiling by mass spectrometry	20250313_Scapis_P4_C4.raw	20250313_Scapis_P4_C4.raw	NT=Data-Independent Acquisition;AC=NCIT:C161786	NT=High-performance liquid chromatography;AC=PRIDE:0000565	1	AC=MS:1002038;NT=label free sample	1	NT=Trypsin;AC=MS:1001251	NT=Lys-C;AC=MS:1001309	not available	NT=Q Exactive HF;AC=MS:1002523	not available	AC=MS:1000422;NT=HCD	27 NCE	not available	not available
scapis_DIA	Homo sapiens	plasma	not available	not available	not available	not available	not available	not applicable	heart failure	not applicable	1	plasma	run 32	proteomic profiling by mass spectrometry	20250313_Scapis_P4_C5.raw	20250313_Scapis_P4_C5.raw	NT=Data-Independent Acquisition;AC=NCIT:C161786	NT=High-performance liquid chromatography;AC=PRIDE:0000565	1	AC=MS:1002038;NT=label free sample	1	NT=Trypsin;AC=MS:1001251	NT=Lys-C;AC=MS:1001309	not available	NT=Q Exactive HF;AC=MS:1002523	not available	AC=MS:1000422;NT=HCD	27 NCE	not available	not available
scapis_DIA	Homo sapiens	plasma	not available	not available	not available	not available	not available	not applicable	heart failure	not applicable	1	plasma	run 33	proteomic profiling by mass spectrometry	20250313_Scapis_P4_C6.raw	20250313_Scapis_P4_C6.raw	NT=Data-Independent Acquisition;AC=NCIT:C161786	NT=High-performance liquid chromatography;AC=PRIDE:0000565	1	AC=MS:1002038;NT=label free sample	1	NT=Trypsin;AC=MS:1001251	NT=Lys-C;AC=MS:1001309	not available	NT=Q Exactive HF;AC=MS:1002523	not available	AC=MS:1000422;NT=HCD	27 NCE	not available	not available
scapis_DIA	Homo sapiens	plasma	not available	not available	not available	not available	not available	not applicable	heart failure	not applicable	1	plasma	run 34	proteomic profiling by mass spectrometry	20250313_Scapis_P4_C7.raw	20250313_Scapis_P4_C7.raw	NT=Data-Independent Acquisition;AC=NCIT:C161786	NT=High-performance liquid chromatography;AC=PRIDE:0000565	1	AC=MS:1002038;NT=label free sample	1	NT=Trypsin;AC=MS:1001251	NT=Lys-C;AC=MS:1001309	not available	NT=Q Exactive HF;AC=MS:1002523	not available	AC=MS:1000422;NT=HCD	27 NCE	not available	not available
scapis_DIA	Homo sapiens	plasma	not available	not available	not available	not available	not available	not applicable	heart failure	not applicable	1	plasma	run 35	proteomic profiling by mass spectrometry	20250313_Scapis_P4_C8.raw	20250313_Scapis_P4_C8.raw	NT=Data-Independent Acquisition;AC=NCIT:C161786	NT=High-performance liquid chromatography;AC=PRIDE:0000565	1	AC=MS:1002038;NT=label free sample	1	NT=Trypsin;AC=MS:1001251	NT=Lys-C;AC=MS:1001309	not available	NT=Q Exactive HF;AC=MS:1002523	not available	AC=MS:1000422;NT=HCD	27 NCE	not available	not available
scapis_DIA	Homo sapiens	plasma	not available	not available	not available	not available	not available	not applicable	heart failure	not applicable	1	plasma	run 36	proteomic profiling by mass spectrometry	20250313_Scapis_P4_C9.raw	20250313_Scapis_P4_C9.raw	NT=Data-Independent Acquisition;AC=NCIT:C161786	NT=High-performance liquid chromatography;AC=PRIDE:0000565	1	AC=MS:1002038;NT=label free sample	1	NT=Trypsin;AC=MS:1001251	NT=Lys-C;AC=MS:1001309	not available	NT=Q Exactive HF;AC=MS:1002523	not available	AC=MS:1000422;NT=HCD	27 NCE	not available	not available
scapis_DIA	Homo sapiens	plasma	not available	not available	not available	not available	not available	not applicable	heart failure	not applicable	1	plasma	run 37	proteomic profiling by mass spectrometry	20250313_Scapis_P4_D1.raw	20250313_Scapis_P4_D1.raw	NT=Data-Independent Acquisition;AC=NCIT:C161786	NT=High-performance liquid chromatography;AC=PRIDE:0000565	1	AC=MS:1002038;NT=label free sample	1	NT=Trypsin;AC=MS:1001251	NT=Lys-C;AC=MS:1001309	not available	NT=Q Exactive HF;AC=MS:1002523	not available	AC=MS:1000422;NT=HCD	27 NCE	not available	not available
scapis_DIA	Homo sapiens	plasma	not available	not available	not available	not available	not available	not applicable	heart failure	not applicable	1	plasma	run 38	proteomic profiling by mass spectrometry	20250313_Scapis_P4_D10.raw	20250313_Scapis_P4_D10.raw	NT=Data-Independent Acquisition;AC=NCIT:C161786	NT=High-performance liquid chromatography;AC=PRIDE:0000565	1	AC=MS:1002038;NT=label free sample	1	NT=Trypsin;AC=MS:1001251	NT=Lys-C;AC=MS:1001309	not available	NT=Q Exactive HF;AC=MS:1002523	not available	AC=MS:1000422;NT=HCD	27 NCE	not available	not available
scapis_DIA	Homo sapiens	plasma	not available	not available	not available	not available	not available	not applicable	heart failure	not applicable	1	plasma	run 39	proteomic profiling by mass spectrometry	20250313_Scapis_P4_D11.raw	20250313_Scapis_P4_D11.raw	NT=Data-Independent Acquisition;AC=NCIT:C161786	NT=High-performance liquid chromatography;AC=PRIDE:0000565	1	AC=MS:1002038;NT=label free sample	1	NT=Trypsin;AC=MS:1001251	NT=Lys-C;AC=MS:1001309	not available	NT=Q Exactive HF;AC=MS:1002523	not available	AC=MS:1000422;NT=HCD	27 NCE	not available	not available
scapis_DIA	Homo sapiens	plasma	not available	not available	not available	not available	not available	not applicable	heart failure	not applicable	1	plasma	run 40	proteomic profiling by mass spectrometry	20250313_Scapis_P4_D12.raw	20250313_Scapis_P4_D12.raw	NT=Data-Independent Acquisition;AC=NCIT:C161786	NT=High-performance liquid chromatography;AC=PRIDE:0000565	1	AC=MS:1002038;NT=label free sample	1	NT=Trypsin;AC=MS:1001251	NT=Lys-C;AC=MS:1001309	not available	NT=Q Exactive HF;AC=MS:1002523	not available	AC=MS:1000422;NT=HCD	27 NCE	not available	not available
scapis_DIA	Homo sapiens	plasma	not available	not available	not available	not available	not available	not applicable	heart failure	not applicable	1	plasma	run 41	proteomic profiling by mass spectrometry	20250313_Scapis_P4_D2.raw	20250313_Scapis_P4_D2.raw	NT=Data-Independent Acquisition;AC=NCIT:C161786	NT=High-performance liquid chromatography;AC=PRIDE:0000565	1	AC=MS:1002038;NT=label free sample	1	NT=Trypsin;AC=MS:1001251	NT=Lys-C;AC=MS:1001309	not available	NT=Q Exactive HF;AC=MS:1002523	not available	AC=MS:1000422;NT=HCD	27 NCE	not available	not available
scapis_DIA	Homo sapiens	plasma	not available	not available	not available	not available	not available	not applicable	heart failure	not applicable	1	plasma	run 42	proteomic profiling by mass spectrometry	20250313_Scapis_P4_D3.raw	20250313_Scapis_P4_D3.raw	NT=Data-Independent Acquisition;AC=NCIT:C161786	NT=High-performance liquid chromatography;AC=PRIDE:0000565	1	AC=MS:1002038;NT=label free sample	1	NT=Trypsin;AC=MS:1001251	NT=Lys-C;AC=MS:1001309	not available	NT=Q Exactive HF;AC=MS:1002523	not available	AC=MS:1000422;NT=HCD	27 NCE	not available	not available
scapis_DIA	Homo sapiens	plasma	not available	not available	not available	not available	not available	not applicable	heart failure	not applicable	1	plasma	run 43	proteomic profiling by mass spectrometry	20250313_Scapis_P4_D4.raw	20250313_Scapis_P4_D4.raw	NT=Data-Independent Acquisition;AC=NCIT:C161786	NT=High-performance liquid chromatography;AC=PRIDE:0000565	1	AC=MS:1002038;NT=label free sample	1	NT=Trypsin;AC=MS:1001251	NT=Lys-C;AC=MS:1001309	not available	NT=Q Exactive HF;AC=MS:1002523	not available	AC=MS:1000422;NT=HCD	27 NCE	not available	not available
scapis_DIA	Homo sapiens	plasma	not available	not available	not available	not available	not available	not applicable	heart failure	not applicable	1	plasma	run 44	proteomic profiling by mass spectrometry	20250313_Scapis_P4_D5.raw	20250313_Scapis_P4_D5.raw	NT=Data-Independent Acquisition;AC=NCIT:C161786	NT=High-performance liquid chromatography;AC=PRIDE:0000565	1	AC=MS:1002038;NT=label free sample	1	NT=Trypsin;AC=MS:1001251	NT=Lys-C;AC=MS:1001309	not available	NT=Q Exactive HF;AC=MS:1002523	not available	AC=MS:1000422;NT=HCD	27 NCE	not available	not available
scapis_DIA	Homo sapiens	plasma	not available	not available	not available	not available	not available	not applicable	heart failure	not applicable	1	plasma	run 45	proteomic profiling by mass spectrometry	20250313_Scapis_P4_D6.raw	20250313_Scapis_P4_D6.raw	NT=Data-Independent Acquisition;AC=NCIT:C161786	NT=High-performance liquid chromatography;AC=PRIDE:0000565	1	AC=MS:1002038;NT=label free sample	1	NT=Trypsin;AC=MS:1001251	NT=Lys-C;AC=MS:1001309	not available	NT=Q Exactive HF;AC=MS:1002523	not available	AC=MS:1000422;NT=HCD	27 NCE	not available	not available
scapis_DIA	Homo sapiens	plasma	not available	not available	not available	not available	not available	not applicable	heart failure	not applicable	1	plasma	run 46	proteomic profiling by mass spectrometry	20250313_Scapis_P4_D7.raw	20250313_Scapis_P4_D7.raw	NT=Data-Independent Acquisition;AC=NCIT:C161786	NT=High-performance liquid chromatography;AC=PRIDE:0000565	1	AC=MS:1002038;NT=label free sample	1	NT=Trypsin;AC=MS:1001251	NT=Lys-C;AC=MS:1001309	not available	NT=Q Exactive HF;AC=MS:1002523	not available	AC=MS:1000422;NT=HCD	27 NCE	not available	not available
scapis_DIA	Homo sapiens	plasma	not available	not available	not available	not available	not available	not applicable	heart failure	not applicable	1	plasma	run 47	proteomic profiling by mass spectrometry	20250313_Scapis_P4_D8.raw	20250313_Scapis_P4_D8.raw	NT=Data-Independent Acquisition;AC=NCIT:C161786	NT=High-performance liquid chromatography;AC=PRIDE:0000565	1	AC=MS:1002038;NT=label free sample	1	NT=Trypsin;AC=MS:1001251	NT=Lys-C;AC=MS:1001309	not available	NT=Q Exactive HF;AC=MS:1002523	not available	AC=MS:1000422;NT=HCD	27 NCE	not available	not available
scapis_DIA	Homo sapiens	plasma	not available	not available	not available	not available	not available	not applicable	heart failure	not applicable	1	plasma	run 48	proteomic profiling by mass spectrometry	20250313_Scapis_P4_D9.raw	20250313_Scapis_P4_D9.raw	NT=Data-Independent Acquisition;AC=NCIT:C161786	NT=High-performance liquid chromatography;AC=PRIDE:0000565	1	AC=MS:1002038;NT=label free sample	1	NT=Trypsin;AC=MS:1001251	NT=Lys-C;AC=MS:1001309	not available	NT=Q Exactive HF;AC=MS:1002523	not available	AC=MS:1000422;NT=HCD	27 NCE	not available	not available
scapis_DIA	Homo sapiens	plasma	not available	not available	not available	not available	not available	not applicable	heart failure	not applicable	1	plasma	run 49	proteomic profiling by mass spectrometry	20250313_Scapis_P4_E1.raw	20250313_Scapis_P4_E1.raw	NT=Data-Independent Acquisition;AC=NCIT:C161786	NT=High-performance liquid chromatography;AC=PRIDE:0000565	1	AC=MS:1002038;NT=label free sample	1	NT=Trypsin;AC=MS:1001251	NT=Lys-C;AC=MS:1001309	not available	NT=Q Exactive HF;AC=MS:1002523	not available	AC=MS:1000422;NT=HCD	27 NCE	not available	not available
scapis_DIA	Homo sapiens	plasma	not available	not available	not available	not available	not available	not applicable	heart failure	not applicable	1	plasma	run 50	proteomic profiling by mass spectrometry	20250313_Scapis_P4_E10.raw	20250313_Scapis_P4_E10.raw	NT=Data-Independent Acquisition;AC=NCIT:C161786	NT=High-performance liquid chromatography;AC=PRIDE:0000565	1	AC=MS:1002038;NT=label free sample	1	NT=Trypsin;AC=MS:1001251	NT=Lys-C;AC=MS:1001309	not available	NT=Q Exactive HF;AC=MS:1002523	not available	AC=MS:1000422;NT=HCD	27 NCE	not available	not available
scapis_DIA	Homo sapiens	plasma	not available	not available	not available	not available	not available	not applicable	heart failure	not applicable	1	plasma	run 51	proteomic profiling by mass spectrometry	20250313_Scapis_P4_E11.raw	20250313_Scapis_P4_E11.raw	NT=Data-Independent Acquisition;AC=NCIT:C161786	NT=High-performance liquid chromatography;AC=PRIDE:0000565	1	AC=MS:1002038;NT=label free sample	1	NT=Trypsin;AC=MS:1001251	NT=Lys-C;AC=MS:1001309	not available	NT=Q Exactive HF;AC=MS:1002523	not available	AC=MS:1000422;NT=HCD	27 NCE	not available	not available
scapis_DIA	Homo sapiens	plasma	not available	not available	not available	not available	not available	not applicable	heart failure	not applicable	1	plasma	run 52	proteomic profiling by mass spectrometry	20250313_Scapis_P4_E12.raw	20250313_Scapis_P4_E12.raw	NT=Data-Independent Acquisition;AC=NCIT:C161786	NT=High-performance liquid chromatography;AC=PRIDE:0000565	1	AC=MS:1002038;NT=label free sample	1	NT=Trypsin;AC=MS:1001251	NT=Lys-C;AC=MS:1001309	not available	NT=Q Exactive HF;AC=MS:1002523	not available	AC=MS:1000422;NT=HCD	27 NCE	not available	not available
scapis_DIA	Homo sapiens	plasma	not available	not available	not available	not available	not available	not applicable	heart failure	not applicable	1	plasma	run 53	proteomic profiling by mass spectrometry	20250313_Scapis_P4_E2.raw	20250313_Scapis_P4_E2.raw	NT=Data-Independent Acquisition;AC=NCIT:C161786	NT=High-performance liquid chromatography;AC=PRIDE:0000565	1	AC=MS:1002038;NT=label free sample	1	NT=Trypsin;AC=MS:1001251	NT=Lys-C;AC=MS:1001309	not available	NT=Q Exactive HF;AC=MS:1002523	not available	AC=MS:1000422;NT=HCD	27 NCE	not available	not available
scapis_DIA	Homo sapiens	plasma	not available	not available	not available	not available	not available	not applicable	heart failure	not applicable	1	plasma	run 54	proteomic profiling by mass spectrometry	20250313_Scapis_P4_E3.raw	20250313_Scapis_P4_E3.raw	NT=Data-Independent Acquisition;AC=NCIT:C161786	NT=High-performance liquid chromatography;AC=PRIDE:0000565	1	AC=MS:1002038;NT=label free sample	1	NT=Trypsin;AC=MS:1001251	NT=Lys-C;AC=MS:1001309	not available	NT=Q Exactive HF;AC=MS:1002523	not available	AC=MS:1000422;NT=HCD	27 NCE	not available	not available
scapis_DIA	Homo sapiens	plasma	not available	not available	not available	not available	not available	not applicable	heart failure	not applicable	1	plasma	run 55	proteomic profiling by mass spectrometry	20250313_Scapis_P4_E4.raw	20250313_Scapis_P4_E4.raw	NT=Data-Independent Acquisition;AC=NCIT:C161786	NT=High-performance liquid chromatography;AC=PRIDE:0000565	1	AC=MS:1002038;NT=label free sample	1	NT=Trypsin;AC=MS:1001251	NT=Lys-C;AC=MS:1001309	not available	NT=Q Exactive HF;AC=MS:1002523	not available	AC=MS:1000422;NT=HCD	27 NCE	not available	not available
scapis_DIA	Homo sapiens	plasma	not available	not available	not available	not available	not available	not applicable	heart failure	not applicable	1	plasma	run 56	proteomic profiling by mass spectrometry	20250313_Scapis_P4_E5.raw	20250313_Scapis_P4_E5.raw	NT=Data-Independent Acquisition;AC=NCIT:C161786	NT=High-performance liquid chromatography;AC=PRIDE:0000565	1	AC=MS:1002038;NT=label free sample	1	NT=Trypsin;AC=MS:1001251	NT=Lys-C;AC=MS:1001309	not available	NT=Q Exactive HF;AC=MS:1002523	not available	AC=MS:1000422;NT=HCD	27 NCE	not available	not available
scapis_DIA	Homo sapiens	plasma	not available	not available	not available	not available	not available	not applicable	heart failure	not applicable	1	plasma	run 57	proteomic profiling by mass spectrometry	20250313_Scapis_P4_E6.raw	20250313_Scapis_P4_E6.raw	NT=Data-Independent Acquisition;AC=NCIT:C161786	NT=High-performance liquid chromatography;AC=PRIDE:0000565	1	AC=MS:1002038;NT=label free sample	1	NT=Trypsin;AC=MS:1001251	NT=Lys-C;AC=MS:1001309	not available	NT=Q Exactive HF;AC=MS:1002523	not available	AC=MS:1000422;NT=HCD	27 NCE	not available	not available
scapis_DIA	Homo sapiens	plasma	not available	not available	not available	not available	not available	not applicable	heart failure	not applicable	1	plasma	run 58	proteomic profiling by mass spectrometry	20250313_Scapis_P4_E7.raw	20250313_Scapis_P4_E7.raw	NT=Data-Independent Acquisition;AC=NCIT:C161786	NT=High-performance liquid chromatography;AC=PRIDE:0000565	1	AC=MS:1002038;NT=label free sample	1	NT=Trypsin;AC=MS:1001251	NT=Lys-C;AC=MS:1001309	not available	NT=Q Exactive HF;AC=MS:1002523	not available	AC=MS:1000422;NT=HCD	27 NCE	not available	not available
scapis_DIA	Homo sapiens	plasma	not available	not available	not available	not available	not available	not applicable	heart failure	not applicable	1	plasma	run 59	proteomic profiling by mass spectrometry	20250313_Scapis_P4_E8.raw	20250313_Scapis_P4_E8.raw	NT=Data-Independent Acquisition;AC=NCIT:C161786	NT=High-performance liquid chromatography;AC=PRIDE:0000565	1	AC=MS:1002038;NT=label free sample	1	NT=Trypsin;AC=MS:1001251	NT=Lys-C;AC=MS:1001309	not available	NT=Q Exactive HF;AC=MS:1002523	not available	AC=MS:1000422;NT=HCD	27 NCE	not available	not available
scapis_DIA	Homo sapiens	plasma	not available	not available	not available	not available	not available	not applicable	heart failure	not applicable	1	plasma	run 60	proteomic profiling by mass spectrometry	20250313_Scapis_P4_E9.raw	20250313_Scapis_P4_E9.raw	NT=Data-Independent Acquisition;AC=NCIT:C161786	NT=High-performance liquid chromatography;AC=PRIDE:0000565	1	AC=MS:1002038;NT=label free sample	1	NT=Trypsin;AC=MS:1001251	NT=Lys-C;AC=MS:1001309	not available	NT=Q Exactive HF;AC=MS:1002523	not available	AC=MS:1000422;NT=HCD	27 NCE	not available	not available
scapis_DIA	Homo sapiens	plasma	not available	not available	not available	not available	not available	not applicable	heart failure	not applicable	1	plasma	run 61	proteomic profiling by mass spectrometry	20250313_Scapis_P4_F1.raw	20250313_Scapis_P4_F1.raw	NT=Data-Independent Acquisition;AC=NCIT:C161786	NT=High-performance liquid chromatography;AC=PRIDE:0000565	1	AC=MS:1002038;NT=label free sample	1	NT=Trypsin;AC=MS:1001251	NT=Lys-C;AC=MS:1001309	not available	NT=Q Exactive HF;AC=MS:1002523	not available	AC=MS:1000422;NT=HCD	27 NCE	not available	not available
scapis_DIA	Homo sapiens	plasma	not available	not available	not available	not available	not available	not applicable	heart failure	not applicable	1	plasma	run 62	proteomic profiling by mass spectrometry	20250313_Scapis_P4_F10.raw	20250313_Scapis_P4_F10.raw	NT=Data-Independent Acquisition;AC=NCIT:C161786	NT=High-performance liquid chromatography;AC=PRIDE:0000565	1	AC=MS:1002038;NT=label free sample	1	NT=Trypsin;AC=MS:1001251	NT=Lys-C;AC=MS:1001309	not available	NT=Q Exactive HF;AC=MS:1002523	not available	AC=MS:1000422;NT=HCD	27 NCE	not available	not available
scapis_DIA	Homo sapiens	plasma	not available	not available	not available	not available	not available	not applicable	heart failure	not applicable	1	plasma	run 63	proteomic profiling by mass spectrometry	20250313_Scapis_P4_F11.raw	20250313_Scapis_P4_F11.raw	NT=Data-Independent Acquisition;AC=NCIT:C161786	NT=High-performance liquid chromatography;AC=PRIDE:0000565	1	AC=MS:1002038;NT=label free sample	1	NT=Trypsin;AC=MS:1001251	NT=Lys-C;AC=MS:1001309	not available	NT=Q Exactive HF;AC=MS:1002523	not available	AC=MS:1000422;NT=HCD	27 NCE	not available	not available
scapis_DIA	Homo sapiens	plasma	not available	not available	not available	not available	not available	not applicable	heart failure	not applicable	1	plasma	run 64	proteomic profiling by mass spectrometry	20250313_Scapis_P4_F12.raw	20250313_Scapis_P4_F12.raw	NT=Data-Independent Acquisition;AC=NCIT:C161786	NT=High-performance liquid chromatography;AC=PRIDE:0000565	1	AC=MS:1002038;NT=label free sample	1	NT=Trypsin;AC=MS:1001251	NT=Lys-C;AC=MS:1001309	not available	NT=Q Exactive HF;AC=MS:1002523	not available	AC=MS:1000422;NT=HCD	27 NCE	not available	not available
scapis_DIA	Homo sapiens	plasma	not available	not available	not available	not available	not available	not applicable	heart failure	not applicable	1	plasma	run 65	proteomic profiling by mass spectrometry	20250313_Scapis_P4_F2.raw	20250313_Scapis_P4_F2.raw	NT=Data-Independent Acquisition;AC=NCIT:C161786	NT=High-performance liquid chromatography;AC=PRIDE:0000565	1	AC=MS:1002038;NT=label free sample	1	NT=Trypsin;AC=MS:1001251	NT=Lys-C;AC=MS:1001309	not available	NT=Q Exactive HF;AC=MS:1002523	not available	AC=MS:1000422;NT=HCD	27 NCE	not available	not available
scapis_DIA	Homo sapiens	plasma	not available	not available	not available	not available	not available	not applicable	heart failure	not applicable	1	plasma	run 66	proteomic profiling by mass spectrometry	20250313_Scapis_P4_F3.raw	20250313_Scapis_P4_F3.raw	NT=Data-Independent Acquisition;AC=NCIT:C161786	NT=High-performance liquid chromatography;AC=PRIDE:0000565	1	AC=MS:1002038;NT=label free sample	1	NT=Trypsin;AC=MS:1001251	NT=Lys-C;AC=MS:1001309	not available	NT=Q Exactive HF;AC=MS:1002523	not available	AC=MS:1000422;NT=HCD	27 NCE	not available	not available
scapis_DIA	Homo sapiens	plasma	not available	not available	not available	not available	not available	not applicable	heart failure	not applicable	1	plasma	run 67	proteomic profiling by mass spectrometry	20250313_Scapis_P4_F4.raw	20250313_Scapis_P4_F4.raw	NT=Data-Independent Acquisition;AC=NCIT:C161786	NT=High-performance liquid chromatography;AC=PRIDE:0000565	1	AC=MS:1002038;NT=label free sample	1	NT=Trypsin;AC=MS:1001251	NT=Lys-C;AC=MS:1001309	not available	NT=Q Exactive HF;AC=MS:1002523	not available	AC=MS:1000422;NT=HCD	27 NCE	not available	not available
scapis_DIA	Homo sapiens	plasma	not available	not available	not available	not available	not available	not applicable	heart failure	not applicable	1	plasma	run 68	proteomic profiling by mass spectrometry	20250313_Scapis_P4_F5.raw	20250313_Scapis_P4_F5.raw	NT=Data-Independent Acquisition;AC=NCIT:C161786	NT=High-performance liquid chromatography;AC=PRIDE:0000565	1	AC=MS:1002038;NT=label free sample	1	NT=Trypsin;AC=MS:1001251	NT=Lys-C;AC=MS:1001309	not available	NT=Q Exactive HF;AC=MS:1002523	not available	AC=MS:1000422;NT=HCD	27 NCE	not available	not available
scapis_DIA	Homo sapiens	plasma	not available	not available	not available	not available	not available	not applicable	heart failure	not applicable	1	plasma	run 69	proteomic profiling by mass spectrometry	20250313_Scapis_P4_F6.raw	20250313_Scapis_P4_F6.raw	NT=Data-Independent Acquisition;AC=NCIT:C161786	NT=High-performance liquid chromatography;AC=PRIDE:0000565	1	AC=MS:1002038;NT=label free sample	1	NT=Trypsin;AC=MS:1001251	NT=Lys-C;AC=MS:1001309	not available	NT=Q Exactive HF;AC=MS:1002523	not available	AC=MS:1000422;NT=HCD	27 NCE	not available	not available
scapis_DIA	Homo sapiens	plasma	not available	not available	not available	not available	not available	not applicable	heart failure	not applicable	1	plasma	run 70	proteomic profiling by mass spectrometry	20250313_Scapis_P4_F7.raw	20250313_Scapis_P4_F7.raw	NT=Data-Independent Acquisition;AC=NCIT:C161786	NT=High-performance liquid chromatography;AC=PRIDE:0000565	1	AC=MS:1002038;NT=label free sample	1	NT=Trypsin;AC=MS:1001251	NT=Lys-C;AC=MS:1001309	not available	NT=Q Exactive HF;AC=MS:1002523	not available	AC=MS:1000422;NT=HCD	27 NCE	not available	not available
scapis_DIA	Homo sapiens	plasma	not available	not available	not available	not available	not available	not applicable	heart failure	not applicable	1	plasma	run 71	proteomic profiling by mass spectrometry	20250313_Scapis_P4_F8.raw	20250313_Scapis_P4_F8.raw	NT=Data-Independent Acquisition;AC=NCIT:C161786	NT=High-performance liquid chromatography;AC=PRIDE:0000565	1	AC=MS:1002038;NT=label free sample	1	NT=Trypsin;AC=MS:1001251	NT=Lys-C;AC=MS:1001309	not available	NT=Q Exactive HF;AC=MS:1002523	not available	AC=MS:1000422;NT=HCD	27 NCE	not available	not available
scapis_DIA	Homo sapiens	plasma	not available	not available	not available	not available	not available	not applicable	heart failure	not applicable	1	plasma	run 72	proteomic profiling by mass spectrometry	20250313_Scapis_P4_F9.raw	20250313_Scapis_P4_F9.raw	NT=Data-Independent Acquisition;AC=NCIT:C161786	NT=High-performance liquid chromatography;AC=PRIDE:0000565	1	AC=MS:1002038;NT=label free sample	1	NT=Trypsin;AC=MS:1001251	NT=Lys-C;AC=MS:1001309	not available	NT=Q Exactive HF;AC=MS:1002523	not available	AC=MS:1000422;NT=HCD	27 NCE	not available	not available
scapis_DIA	Homo sapiens	plasma	not available	not available	not available	not available	not available	not applicable	heart failure	not applicable	1	plasma	run 73	proteomic profiling by mass spectrometry	20250313_Scapis_P4_G1.raw	20250313_Scapis_P4_G1.raw	NT=Data-Independent Acquisition;AC=NCIT:C161786	NT=High-performance liquid chromatography;AC=PRIDE:0000565	1	AC=MS:1002038;NT=label free sample	1	NT=Trypsin;AC=MS:1001251	NT=Lys-C;AC=MS:1001309	not available	NT=Q Exactive HF;AC=MS:1002523	not available	AC=MS:1000422;NT=HCD	27 NCE	not available	not available
scapis_DIA	Homo sapiens	plasma	not available	not available	not available	not available	not available	not applicable	heart failure	not applicable	1	plasma	run 74	proteomic profiling by mass spectrometry	20250313_Scapis_P4_G10.raw	20250313_Scapis_P4_G10.raw	NT=Data-Independent Acquisition;AC=NCIT:C161786	NT=High-performance liquid chromatography;AC=PRIDE:0000565	1	AC=MS:1002038;NT=label free sample	1	NT=Trypsin;AC=MS:1001251	NT=Lys-C;AC=MS:1001309	not available	NT=Q Exactive HF;AC=MS:1002523	not available	AC=MS:1000422;NT=HCD	27 NCE	not available	not available
scapis_DIA	Homo sapiens	plasma	not available	not available	not available	not available	not available	not applicable	heart failure	not applicable	1	plasma	run 75	proteomic profiling by mass spectrometry	20250313_Scapis_P4_G11.raw	20250313_Scapis_P4_G11.raw	NT=Data-Independent Acquisition;AC=NCIT:C161786	NT=High-performance liquid chromatography;AC=PRIDE:0000565	1	AC=MS:1002038;NT=label free sample	1	NT=Trypsin;AC=MS:1001251	NT=Lys-C;AC=MS:1001309	not available	NT=Q Exactive HF;AC=MS:1002523	not available	AC=MS:1000422;NT=HCD	27 NCE	not available	not available
scapis_DIA	Homo sapiens	plasma	not available	not available	not available	not available	not available	not applicable	heart failure	not applicable	1	plasma	run 76	proteomic profiling by mass spectrometry	20250313_Scapis_P4_G12.raw	20250313_Scapis_P4_G12.raw	NT=Data-Independent Acquisition;AC=NCIT:C161786	NT=High-performance liquid chromatography;AC=PRIDE:0000565	1	AC=MS:1002038;NT=label free sample	1	NT=Trypsin;AC=MS:1001251	NT=Lys-C;AC=MS:1001309	not available	NT=Q Exactive HF;AC=MS:1002523	not available	AC=MS:1000422;NT=HCD	27 NCE	not available	not available
scapis_DIA	Homo sapiens	plasma	not available	not available	not available	not available	not available	not applicable	heart failure	not applicable	1	plasma	run 77	proteomic profiling by mass spectrometry	20250313_Scapis_P4_G2.raw	20250313_Scapis_P4_G2.raw	NT=Data-Independent Acquisition;AC=NCIT:C161786	NT=High-performance liquid chromatography;AC=PRIDE:0000565	1	AC=MS:1002038;NT=label free sample	1	NT=Trypsin;AC=MS:1001251	NT=Lys-C;AC=MS:1001309	not available	NT=Q Exactive HF;AC=MS:1002523	not available	AC=MS:1000422;NT=HCD	27 NCE	not available	not available
scapis_DIA	Homo sapiens	plasma	not available	not available	not available	not available	not available	not applicable	heart failure	not applicable	1	plasma	run 78	proteomic profiling by mass spectrometry	20250313_Scapis_P4_G3.raw	20250313_Scapis_P4_G3.raw	NT=Data-Independent Acquisition;AC=NCIT:C161786	NT=High-performance liquid chromatography;AC=PRIDE:0000565	1	AC=MS:1002038;NT=label free sample	1	NT=Trypsin;AC=MS:1001251	NT=Lys-C;AC=MS:1001309	not available	NT=Q Exactive HF;AC=MS:1002523	not available	AC=MS:1000422;NT=HCD	27 NCE	not available	not available
scapis_DIA	Homo sapiens	plasma	not available	not available	not available	not available	not available	not applicable	heart failure	not applicable	1	plasma	run 79	proteomic profiling by mass spectrometry	20250313_Scapis_P4_G4.raw	20250313_Scapis_P4_G4.raw	NT=Data-Independent Acquisition;AC=NCIT:C161786	NT=High-performance liquid chromatography;AC=PRIDE:0000565	1	AC=MS:1002038;NT=label free sample	1	NT=Trypsin;AC=MS:1001251	NT=Lys-C;AC=MS:1001309	not available	NT=Q Exactive HF;AC=MS:1002523	not available	AC=MS:1000422;NT=HCD	27 NCE	not available	not available
scapis_DIA	Homo sapiens	plasma	not available	not available	not available	not available	not available	not applicable	heart failure	not applicable	1	plasma	run 80	proteomic profiling by mass spectrometry	20250313_Scapis_P4_G5.raw	20250313_Scapis_P4_G5.raw	NT=Data-Independent Acquisition;AC=NCIT:C161786	NT=High-performance liquid chromatography;AC=PRIDE:0000565	1	AC=MS:1002038;NT=label free sample	1	NT=Trypsin;AC=MS:1001251	NT=Lys-C;AC=MS:1001309	not available	NT=Q Exactive HF;AC=MS:1002523	not available	AC=MS:1000422;NT=HCD	27 NCE	not available	not available
scapis_DIA	Homo sapiens	plasma	not available	not available	not available	not available	not available	not applicable	heart failure	not applicable	1	plasma	run 81	proteomic profiling by mass spectrometry	20250313_Scapis_P4_G6.raw	20250313_Scapis_P4_G6.raw	NT=Data-Independent Acquisition;AC=NCIT:C161786	NT=High-performance liquid chromatography;AC=PRIDE:0000565	1	AC=MS:1002038;NT=label free sample	1	NT=Trypsin;AC=MS:1001251	NT=Lys-C;AC=MS:1001309	not available	NT=Q Exactive HF;AC=MS:1002523	not available	AC=MS:1000422;NT=HCD	27 NCE	not available	not available
scapis_DIA	Homo sapiens	plasma	not available	not available	not available	not available	not available	not applicable	heart failure	not applicable	1	plasma	run 82	proteomic profiling by mass spectrometry	20250313_Scapis_P4_G7.raw	20250313_Scapis_P4_G7.raw	NT=Data-Independent Acquisition;AC=NCIT:C161786	NT=High-performance liquid chromatography;AC=PRIDE:0000565	1	AC=MS:1002038;NT=label free sample	1	NT=Trypsin;AC=MS:1001251	NT=Lys-C;AC=MS:1001309	not available	NT=Q Exactive HF;AC=MS:1002523	not available	AC=MS:1000422;NT=HCD	27 NCE	not available	not available
scapis_DIA	Homo sapiens	plasma	not available	not available	not available	not available	not available	not applicable	heart failure	not applicable	1	plasma	run 83	proteomic profiling by mass spectrometry	20250313_Scapis_P4_G8.raw	20250313_Scapis_P4_G8.raw	NT=Data-Independent Acquisition;AC=NCIT:C161786	NT=High-performance liquid chromatography;AC=PRIDE:0000565	1	AC=MS:1002038;NT=label free sample	1	NT=Trypsin;AC=MS:1001251	NT=Lys-C;AC=MS:1001309	not available	NT=Q Exactive HF;AC=MS:1002523	not available	AC=MS:1000422;NT=HCD	27 NCE	not available	not available
scapis_DIA	Homo sapiens	plasma	not available	not available	not available	not available	not available	not applicable	heart failure	not applicable	1	plasma	run 84	proteomic profiling by mass spectrometry	20250313_Scapis_P4_G9.raw	20250313_Scapis_P4_G9.raw	NT=Data-Independent Acquisition;AC=NCIT:C161786	NT=High-performance liquid chromatography;AC=PRIDE:0000565	1	AC=MS:1002038;NT=label free sample	1	NT=Trypsin;AC=MS:1001251	NT=Lys-C;AC=MS:1001309	not available	NT=Q Exactive HF;AC=MS:1002523	not available	AC=MS:1000422;NT=HCD	27 NCE	not available	not available
scapis_DIA	Homo sapiens	plasma	not available	not available	not available	not available	not available	not applicable	heart failure	not applicable	1	plasma	run 85	proteomic profiling by mass spectrometry	20250313_Scapis_P4_H1.raw	20250313_Scapis_P4_H1.raw	NT=Data-Independent Acquisition;AC=NCIT:C161786	NT=High-performance liquid chromatography;AC=PRIDE:0000565	1	AC=MS:1002038;NT=label free sample	1	NT=Trypsin;AC=MS:1001251	NT=Lys-C;AC=MS:1001309	not available	NT=Q Exactive HF;AC=MS:1002523	not available	AC=MS:1000422;NT=HCD	27 NCE	not available	not available
scapis_DIA	Homo sapiens	plasma	not available	not available	not available	not available	not available	not applicable	heart failure	not applicable	1	plasma	run 86	proteomic profiling by mass spectrometry	20250313_Scapis_P4_H10.raw	20250313_Scapis_P4_H10.raw	NT=Data-Independent Acquisition;AC=NCIT:C161786	NT=High-performance liquid chromatography;AC=PRIDE:0000565	1	AC=MS:1002038;NT=label free sample	1	NT=Trypsin;AC=MS:1001251	NT=Lys-C;AC=MS:1001309	not available	NT=Q Exactive HF;AC=MS:1002523	not available	AC=MS:1000422;NT=HCD	27 NCE	not available	not available
scapis_DIA	Homo sapiens	plasma	not available	not available	not available	not available	not available	not applicable	heart failure	not applicable	1	plasma	run 87	proteomic profiling by mass spectrometry	20250313_Scapis_P4_H11.raw	20250313_Scapis_P4_H11.raw	NT=Data-Independent Acquisition;AC=NCIT:C161786	NT=High-performance liquid chromatography;AC=PRIDE:0000565	1	AC=MS:1002038;NT=label free sample	1	NT=Trypsin;AC=MS:1001251	NT=Lys-C;AC=MS:1001309	not available	NT=Q Exactive HF;AC=MS:1002523	not available	AC=MS:1000422;NT=HCD	27 NCE	not available	not available
scapis_DIA	Homo sapiens	plasma	not available	not available	not available	not available	not available	not applicable	heart failure	not applicable	1	plasma	run 88	proteomic profiling by mass spectrometry	20250313_Scapis_P4_H12.raw	20250313_Scapis_P4_H12.raw	NT=Data-Independent Acquisition;AC=NCIT:C161786	NT=High-performance liquid chromatography;AC=PRIDE:0000565	1	AC=MS:1002038;NT=label free sample	1	NT=Trypsin;AC=MS:1001251	NT=Lys-C;AC=MS:1001309	not available	NT=Q Exactive HF;AC=MS:1002523	not available	AC=MS:1000422;NT=HCD	27 NCE	not available	not available
scapis_DIA	Homo sapiens	plasma	not available	not available	not available	not available	not available	not applicable	heart failure	not applicable	1	plasma	run 89	proteomic profiling by mass spectrometry	20250313_Scapis_P4_H2.raw	20250313_Scapis_P4_H2.raw	NT=Data-Independent Acquisition;AC=NCIT:C161786	NT=High-performance liquid chromatography;AC=PRIDE:0000565	1	AC=MS:1002038;NT=label free sample	1	NT=Trypsin;AC=MS:1001251	NT=Lys-C;AC=MS:1001309	not available	NT=Q Exactive HF;AC=MS:1002523	not available	AC=MS:1000422;NT=HCD	27 NCE	not available	not available
scapis_DIA	Homo sapiens	plasma	not available	not available	not available	not available	not available	not applicable	heart failure	not applicable	1	plasma	run 90	proteomic profiling by mass spectrometry	20250313_Scapis_P4_H3.raw	20250313_Scapis_P4_H3.raw	NT=Data-Independent Acquisition;AC=NCIT:C161786	NT=High-performance liquid chromatography;AC=PRIDE:0000565	1	AC=MS:1002038;NT=label free sample	1	NT=Trypsin;AC=MS:1001251	NT=Lys-C;AC=MS:1001309	not available	NT=Q Exactive HF;AC=MS:1002523	not available	AC=MS:1000422;NT=HCD	27 NCE	not available	not available
scapis_DIA	Homo sapiens	plasma	not available	not available	not available	not available	not available	not applicable	heart failure	not applicable	1	plasma	run 91	proteomic profiling by mass spectrometry	20250313_Scapis_P4_H4.raw	20250313_Scapis_P4_H4.raw	NT=Data-Independent Acquisition;AC=NCIT:C161786	NT=High-performance liquid chromatography;AC=PRIDE:0000565	1	AC=MS:1002038;NT=label free sample	1	NT=Trypsin;AC=MS:1001251	NT=Lys-C;AC=MS:1001309	not available	NT=Q Exactive HF;AC=MS:1002523	not available	AC=MS:1000422;NT=HCD	27 NCE	not available	not available
scapis_DIA	Homo sapiens	plasma	not available	not available	not available	not available	not available	not applicable	heart failure	not applicable	1	plasma	run 92	proteomic profiling by mass spectrometry	20250313_Scapis_P4_H5.raw	20250313_Scapis_P4_H5.raw	NT=Data-Independent Acquisition;AC=NCIT:C161786	NT=High-performance liquid chromatography;AC=PRIDE:0000565	1	AC=MS:1002038;NT=label free sample	1	NT=Trypsin;AC=MS:1001251	NT=Lys-C;AC=MS:1001309	not available	NT=Q Exactive HF;AC=MS:1002523	not available	AC=MS:1000422;NT=HCD	27 NCE	not available	not available
scapis_DIA	Homo sapiens	plasma	not available	not available	not available	not available	not available	not applicable	heart failure	not applicable	1	plasma	run 93	proteomic profiling by mass spectrometry	20250313_Scapis_P4_H6.raw	20250313_Scapis_P4_H6.raw	NT=Data-Independent Acquisition;AC=NCIT:C161786	NT=High-performance liquid chromatography;AC=PRIDE:0000565	1	AC=MS:1002038;NT=label free sample	1	NT=Trypsin;AC=MS:1001251	NT=Lys-C;AC=MS:1001309	not available	NT=Q Exactive HF;AC=MS:1002523	not available	AC=MS:1000422;NT=HCD	27 NCE	not available	not available
scapis_DIA	Homo sapiens	plasma	not available	not available	not available	not available	not available	not applicable	heart failure	not applicable	1	plasma	run 94	proteomic profiling by mass spectrometry	20250313_Scapis_P4_H7.raw	20250313_Scapis_P4_H7.raw	NT=Data-Independent Acquisition;AC=NCIT:C161786	NT=High-performance liquid chromatography;AC=PRIDE:0000565	1	AC=MS:1002038;NT=label free sample	1	NT=Trypsin;AC=MS:1001251	NT=Lys-C;AC=MS:1001309	not available	NT=Q Exactive HF;AC=MS:1002523	not available	AC=MS:1000422;NT=HCD	27 NCE	not available	not available
scapis_DIA	Homo sapiens	plasma	not available	not available	not available	not available	not available	not applicable	heart failure	not applicable	1	plasma	run 95	proteomic profiling by mass spectrometry	20250313_Scapis_P4_H8.raw	20250313_Scapis_P4_H8.raw	NT=Data-Independent Acquisition;AC=NCIT:C161786	NT=High-performance liquid chromatography;AC=PRIDE:0000565	1	AC=MS:1002038;NT=label free sample	1	NT=Trypsin;AC=MS:1001251	NT=Lys-C;AC=MS:1001309	not available	NT=Q Exactive HF;AC=MS:1002523	not available	AC=MS:1000422;NT=HCD	27 NCE	not available	not available
scapis_DIA	Homo sapiens	plasma	not available	not available	not available	not available	not available	not applicable	heart failure	not applicable	1	plasma	run 96	proteomic profiling by mass spectrometry	20250313_Scapis_P4_H9.raw	20250313_Scapis_P4_H9.raw	NT=Data-Independent Acquisition;AC=NCIT:C161786	NT=High-performance liquid chromatography;AC=PRIDE:0000565	1	AC=MS:1002038;NT=label free sample	1	NT=Trypsin;AC=MS:1001251	NT=Lys-C;AC=MS:1001309	not available	NT=Q Exactive HF;AC=MS:1002523	not available	AC=MS:1000422;NT=HCD	27 NCE	not available	not available
